timestamp,open,high,close,low,volume,price_change,p_change,ma5,ma10,ma20,v_ma5,v_ma10,v_ma20,turnover
2019-07-10 13:55:00,6.75,6.75,6.73,6.73,2437.0,-0.02,-0.3,6.766,6.795,6.8075,2096.0,1581.8,2358.35,0.06
2019-07-10 14:00:00,6.73,6.75,6.74,6.72,2122.0,0.01,0.15,6.754,6.786,6.804,2289.8,1718.3,2388.45,0.05
2019-07-10 14:05:00,6.74,6.77,6.77,6.73,1425.0,0.03,0.45,6.75,6.78,6.8025,2099.4,1753.4,2389.75,0.04
2019-07-10 14:10:00,6.77,6.77,6.75,6.75,1855.0,-0.02,-0.3,6.748,6.772,6.801,2028.8,1829.4,2396.9,0.05
2019-07-10 14:15:00,6.76,6.77,6.77,6.76,1177.0,0.01,0.15,6.752,6.767,6.7985,1803.2,1794.1,2406.95,0.03
2019-07-10 14:20:00,6.77,6.79,6.79,6.77,3013.0,0.02,0.3,6.764,6.765,6.798,1918.4,2007.2,2487.55,0.08
2019-07-10 14:25:00,6.79,6.85,6.85,6.77,11843.0,0.06,0.88,6.786,6.77,6.798,3862.6,3076.2,2359.1,0.3
2019-07-10 14:30:00,6.85,6.89,6.88,6.83,15069.0,0.03,0.44,6.808,6.779,6.8,6591.4,4345.4,2914.1,0.38
2019-07-10 14:35:00,6.87,6.92,6.89,6.87,19437.0,0.02,0.29,6.836,6.792,6.803,10107.8,6068.3,3748.1,0.5
2019-07-10 14:40:00,6.89,6.89,6.84,6.84,7718.0,-0.05,-0.73,6.85,6.801,6.8035,11416.0,6609.6,4057.45,0.2
2019-07-10 14:45:00,6.85,6.98,6.98,6.84,22222.7,0.13,1.9,6.888,6.826,6.8105,15257.9,8588.17,5084.98,0.57
2019-07-10 14:50:00,6.98,7.13,7.0,6.98,39356.0,0.02,0.29,6.918,6.852,6.819,20760.5,12311.6,7014.94,1.0
2019-07-10 14:55:00,7.01,7.08,7.03,7.01,20963.0,0.02,0.29,6.948,6.878,6.829,21939.3,14265.4,8009.38,0.54
2019-07-10 15:00:00,7.03,7.04,7.04,7.02,8220.0,0.01,0.14,6.978,6.907,6.8395,19695.9,14901.9,8365.64,0.21
2019-07-11 09:35:00,6.9,6.93,6.92,6.81,31105.0,0.02,0.29,6.994,6.922,6.8445,24373.3,17894.7,9844.38,0.79
2019-07-11 09:40:00,6.92,6.92,6.89,6.86,9984.0,-0.03,-0.43,6.976,6.932,6.8485,21925.6,18591.8,10299.5,0.25
2019-07-11 09:45:00,6.89,6.93,6.92,6.88,5886.0,0.03,0.44,6.96,6.939,6.8545,15231.6,17996.1,10536.1,0.15
2019-07-11 09:50:00,6.92,6.93,6.92,6.88,8443.0,0.0,0.0,6.938,6.943,6.861,12727.6,17333.5,10839.4,0.22
2019-07-11 09:55:00,6.92,6.98,6.98,6.92,11014.0,0.06,0.87,6.926,6.952,6.872,13286.4,16491.2,11279.7,0.28
2019-07-11 10:00:00,6.99,7.19,7.18,6.98,28711.0,0.19,2.72,6.978,6.986,6.8935,12807.6,18590.5,12600.0,0.73
2019-07-11 10:05:00,7.11,7.16,7.09,7.07,14805.0,-0.02,-0.28,7.018,6.997,6.9115,13771.8,17848.7,13218.4,0.38
2019-07-11 10:10:00,7.1,7.12,7.1,7.05,8093.0,0.0,0.0,7.054,7.007,6.9295,14213.2,14722.4,13517.0,0.21
2019-07-11 10:15:00,7.09,7.09,7.05,7.03,5025.0,-0.04,-0.56,7.08,7.009,6.9435,13529.6,13128.6,13697.0,0.13
2019-07-11 10:20:00,7.03,7.07,7.04,7.03,4178.0,0.01,0.14,7.092,7.009,6.958,12162.4,12724.4,13813.1,0.11
2019-07-11 10:25:00,7.04,7.05,7.03,7.02,3816.6,-0.01,-0.14,7.062,7.02,6.971,7183.52,9995.56,13945.1,0.1
2019-07-11 10:30:00,7.03,7.03,7.02,7.0,4060.4,-0.01,-0.14,7.048,7.033,6.9825,5034.6,9403.2,13997.5,0.1
2019-07-11 10:35:00,7.02,7.02,7.01,6.99,3578.0,-0.01,-0.14,7.03,7.042,6.9905,4131.6,9172.4,13584.2,0.09
2019-07-11 10:40:00,7.0,7.02,6.99,6.98,3303.0,-0.01,-0.14,7.018,7.049,6.996,3787.2,8658.4,12995.9,0.08
2019-07-11 10:45:00,6.97,7.03,7.02,6.97,2764.4,0.05,0.72,7.014,7.053,7.0025,3504.48,7833.44,12162.3,0.07
2019-07-11 10:50:00,7.02,7.02,7.0,6.99,1428.6,-0.02,-0.28,7.008,7.035,7.0105,3026.88,5105.2,11847.8,0.04
2019-07-11 10:55:00,7.0,7.01,7.0,6.99,802.0,0.0,0.0,7.004,7.026,7.0115,2375.2,3704.9,10776.8,0.02
2019-07-11 11:00:00,7.0,7.04,7.02,7.0,1956.0,0.02,0.29,7.006,7.018,7.0125,2050.8,3091.2,8906.8,0.05
2019-07-11 11:05:00,7.02,7.03,7.01,7.01,1156.0,-0.01,-0.14,7.01,7.014,7.0115,1621.4,2704.3,7916.45,0.03
2019-07-11 11:10:00,7.01,7.02,7.0,7.0,1029.0,-0.01,-0.14,7.006,7.01,7.0095,1274.32,2389.4,7556.9,0.03
2019-07-11 11:15:00,7.0,7.0,6.99,6.98,1800.0,-0.01,-0.14,7.004,7.006,7.013,1348.6,2187.74,6091.65,0.05
2019-07-11 11:20:00,6.99,6.99,6.92,6.91,7162.0,-0.07,-1.0,6.988,6.996,7.0145,2620.6,2497.9,5950.55,0.18
2019-07-11 11:25:00,6.93,6.94,6.93,6.92,2492.0,0.0,0.0,6.97,6.988,7.015,2727.8,2389.3,5780.85,0.06
2019-07-11 11:30:00,6.92,6.93,6.93,6.91,2276.4,0.01,0.14,6.954,6.982,7.0155,2951.88,2286.64,5472.52,0.06
2019-07-11 13:05:00,6.93,6.96,6.95,6.92,1447.0,0.02,0.29,6.944,6.975,7.014,3035.48,2154.9,4994.17,0.04
2019-07-11 13:10:00,6.95,6.98,6.96,6.95,565.0,0.01,0.14,6.938,6.971,7.003,2788.48,2068.54,3586.87,0.01
2019-07-11 13:15:00,6.96,6.98,6.97,6.96,1641.0,0.01,0.14,6.948,6.968,6.997,1684.28,2152.44,2928.67,0.04
2019-07-11 13:20:00,6.97,6.98,6.98,6.96,975.0,0.01,0.14,6.958,6.964,6.991,1380.88,2054.34,2572.77,0.02
2019-07-11 13:25:00,6.98,6.98,6.92,6.91,4945.0,-0.06,-0.86,6.956,6.955,6.9845,1914.6,2433.24,2568.77,0.13
2019-07-11 13:30:00,6.92,6.94,6.9,6.88,2318.0,-0.02,-0.29,6.946,6.945,6.9775,2088.8,2562.14,2475.77,0.06
2019-07-11 13:35:00,6.9,6.9,6.89,6.87,3157.6,-0.01,-0.14,6.932,6.935,6.9705,2607.32,2697.9,2442.82,0.08
2019-07-11 13:40:00,6.89,6.93,6.91,6.89,829.84,0.02,0.29,6.92,6.934,6.965,2445.09,2064.68,2281.29,0.02
2019-07-11 13:45:00,6.91,6.91,6.9,6.89,1199.16,-0.01,-0.14,6.904,6.931,6.9595,2489.92,1935.4,2162.35,0.03
2019-07-11 13:50:00,6.9,6.9,6.87,6.86,2600.0,-0.03,-0.43,6.894,6.925,6.9535,2020.92,1967.76,2127.2,0.07
2019-07-11 13:55:00,6.87,6.89,6.88,6.86,1785.0,0.01,0.15,6.89,6.918,6.9465,1914.32,2001.56,2078.23,0.05
2019-07-11 14:00:00,6.88,6.89,6.88,6.86,1821.6,0.0,0.0,6.888,6.91,6.9405,1647.12,2127.22,2097.88,0.05
2019-07-11 14:05:00,6.88,6.88,6.85,6.82,5733.4,-0.03,-0.44,6.876,6.898,6.933,2627.83,2536.46,2344.45,0.15
2019-07-11 14:10:00,6.85,6.85,6.83,6.83,2573.0,-0.02,-0.29,6.862,6.883,6.9235,2902.6,2696.26,2375.3,0.07
2019-07-11 14:15:00,6.83,6.85,6.84,6.81,4554.0,0.01,0.15,6.856,6.875,6.915,3293.4,2657.16,2545.2,0.12
2019-07-11 14:20:00,6.84,6.88,6.86,6.84,2065.44,0.02,0.29,6.852,6.871,6.908,3349.49,2631.9,2597.02,0.05
2019-07-11 14:25:00,6.86,6.89,6.89,6.85,1526.0,0.03,0.44,6.854,6.871,6.903,3290.37,2468.74,2583.32,0.04
2019-07-11 14:30:00,6.89,6.94,6.91,6.89,2049.0,0.02,0.29,6.866,6.871,6.9025,2553.49,2590.66,2327.67,0.05
2019-07-11 14:35:00,6.91,6.92,6.89,6.86,2488.0,-0.02,-0.29,6.878,6.87,6.9005,2536.49,2719.54,2327.47,0.06
2019-07-11 14:40:00,6.9,6.9,6.87,6.87,3162.0,-0.03,-0.43,6.884,6.87,6.8975,2258.09,2775.74,2371.75,0.08
2019-07-11 14:45:00,6.88,6.89,6.88,6.87,2614.0,0.0,0.0,6.888,6.87,6.894,2367.8,2858.64,2430.1,0.07
2019-07-11 14:50:00,6.88,6.88,6.88,6.86,3485.0,0.0,0.0,6.886,6.87,6.89,2759.6,3024.98,2576.1,0.09
2019-07-11 14:55:00,6.87,6.88,6.86,6.86,5927.0,-0.01,-0.15,6.876,6.871,6.8845,3535.2,3044.34,2790.4,0.15
2019-07-11 15:00:00,6.87,6.87,6.87,6.86,3699.0,0.0,0.0,6.872,6.875,6.879,3777.4,3156.94,2926.6,0.09
2019-07-12 09:35:00,6.86,6.86,6.64,6.55,29522.0,-0.22,-3.21,6.826,6.855,6.865,9049.4,5653.74,4155.45,0.75
2019-07-12 09:40:00,6.64,6.64,6.58,6.58,15798.0,-0.06,-0.9,6.766,6.827,6.849,11686.2,7027.0,4829.45,0.4
2019-07-12 09:45:00,6.57,6.6,6.58,6.53,18742.4,0.01,0.15,6.706,6.796,6.8335,14737.7,8748.64,5608.69,0.48
2019-07-12 09:50:00,6.58,6.58,6.43,6.43,20078.6,-0.15,-2.28,6.62,6.748,6.8095,17568.0,10551.6,6571.13,0.51
2019-07-12 09:55:00,6.43,6.5,6.49,6.33,23748.0,0.06,0.93,6.544,6.708,6.789,21577.8,12677.6,7698.57,0.61
2019-07-12 10:00:00,6.49,6.52,6.44,6.43,9390.0,-0.05,-0.77,6.504,6.665,6.7675,17551.4,13300.4,8038.07,0.24
2019-07-12 10:05:00,6.44,6.51,6.49,6.44,4714.0,0.05,0.78,6.486,6.626,6.748,15334.6,13510.4,8184.52,0.12
2019-07-12 10:10:00,6.49,6.54,6.54,6.47,4780.0,0.05,0.77,6.478,6.592,6.731,12542.1,13639.9,8332.44,0.12
2019-07-12 10:15:00,6.54,6.56,6.52,6.51,5319.0,-0.02,-0.31,6.496,6.558,6.7145,9590.2,13579.1,8311.72,0.14
2019-07-12 10:20:00,6.51,6.52,6.48,6.48,2650.0,-0.03,-0.46,6.494,6.519,6.697,5370.6,13474.2,8315.57,0.07
2019-07-12 10:25:00,6.48,6.49,6.47,6.46,3519.0,-0.01,-0.15,6.5,6.502,6.6785,4196.4,10873.9,8263.82,0.09
2019-07-12 10:30:00,6.47,6.49,6.46,6.45,2777.0,-0.01,-0.15,6.494,6.49,6.6585,3809.0,9571.8,8299.4,0.07
2019-07-12 10:35:00,6.46,6.48,6.42,6.41,6501.0,-0.04,-0.62,6.47,6.474,6.635,4153.2,8347.66,8548.15,0.17
2019-07-12 10:40:00,6.43,6.47,6.45,6.42,2256.0,0.02,0.31,6.456,6.476,6.612,3540.6,6565.4,8558.5,0.06
2019-07-12 10:45:00,6.45,6.47,6.45,6.44,2062.0,0.0,0.0,6.45,6.472,6.59,3423.0,4396.8,8537.2,0.05
2019-07-12 10:50:00,6.45,6.45,6.44,6.39,7430.0,-0.01,-0.16,6.444,6.472,6.5685,4205.2,4200.8,8750.6,0.19
2019-07-12 10:55:00,6.44,6.44,6.42,6.39,3086.0,-0.02,-0.31,6.436,6.465,6.5455,4267.0,4038.0,8774.2,0.08
2019-07-12 11:00:00,6.42,6.44,6.43,6.41,1214.0,0.01,0.16,6.438,6.454,6.523,3209.6,3681.4,8660.65,0.03
2019-07-12 11:05:00,6.43,6.48,6.47,6.43,2326.0,0.04,0.62,6.442,6.449,6.5035,3223.6,3382.1,8480.6,0.06
2019-07-12 11:10:00,6.47,6.49,6.49,6.47,751.0,0.02,0.31,6.45,6.45,6.4845,2961.4,3192.2,8333.2,0.02
2019-07-12 11:15:00,6.49,6.49,6.47,6.47,1485.0,-0.02,-0.31,6.456,6.45,6.476,1772.4,2988.8,6931.35,0.04
2019-07-12 11:20:00,6.47,6.48,6.44,6.44,3097.0,-0.03,-0.46,6.46,6.448,6.469,1774.6,3020.8,6296.3,0.08
2019-07-12 11:25:00,6.44,6.46,6.45,6.44,1518.0,0.01,0.16,6.464,6.451,6.4625,1835.4,2522.5,5435.08,0.04
2019-07-12 11:30:00,6.45,6.46,6.43,6.41,2847.0,-0.02,-0.31,6.456,6.449,6.4625,1939.6,2581.6,4573.5,0.07
2019-07-12 13:05:00,6.43,6.47,6.46,6.43,1658.0,0.03,0.47,6.45,6.45,6.461,2121.0,2541.2,3469.0,0.04
2019-07-12 13:10:00,6.46,6.46,6.45,6.45,1433.0,-0.01,-0.15,6.446,6.451,6.4615,2110.6,1941.5,3071.15,0.04
2019-07-12 13:15:00,6.45,6.48,6.48,6.45,2387.7,0.03,0.47,6.454,6.457,6.461,1968.74,1871.67,2954.84,0.06
2019-07-12 13:20:00,6.48,6.49,6.48,6.47,1063.0,0.0,0.0,6.46,6.462,6.458,1877.74,1856.57,2768.98,0.03
2019-07-12 13:25:00,6.47,6.48,6.48,6.46,972.3,0.01,0.15,6.47,6.463,6.456,1502.8,1721.2,2551.65,0.02
2019-07-12 13:30:00,6.47,6.49,6.49,6.46,1997.7,0.02,0.31,6.476,6.463,6.4565,1570.74,1845.87,2519.04,0.05
2019-07-12 13:35:00,6.48,6.49,6.49,6.47,1805.0,0.01,0.15,6.484,6.465,6.4575,1645.14,1877.87,2433.34,0.05
2019-07-12 13:40:00,6.49,6.5,6.49,6.48,1552.0,0.0,0.0,6.486,6.47,6.459,1478.0,1723.37,2372.08,0.04
2019-07-12 13:45:00,6.49,6.5,6.49,6.48,1356.0,0.0,0.0,6.488,6.474,6.4625,1536.6,1707.17,2114.84,0.03
2019-07-12 13:50:00,6.49,6.5,6.5,6.49,1913.0,0.01,0.15,6.492,6.481,6.465,1724.74,1613.77,2097.68,0.05
2019-07-12 13:55:00,6.5,6.53,6.51,6.5,1611.0,0.01,0.15,6.496,6.486,6.468,1647.4,1609.07,2075.14,0.04
2019-07-12 14:00:00,6.51,6.53,6.52,6.5,2236.0,0.01,0.15,6.502,6.493,6.472,1733.6,1689.37,1815.44,0.06
2019-07-12 14:05:00,6.52,6.52,6.51,6.5,1457.0,-0.01,-0.15,6.506,6.496,6.4765,1714.6,1596.3,1733.98,0.04
2019-07-12 14:10:00,6.5,6.51,6.5,6.5,1209.0,0.0,0.0,6.508,6.498,6.48,1685.2,1610.9,1733.74,0.03
2019-07-12 14:15:00,6.5,6.5,6.47,6.47,5767.0,-0.03,-0.46,6.502,6.497,6.48,2456.0,2090.37,1905.78,0.15
2019-07-12 14:20:00,6.47,6.5,6.5,6.46,3190.0,0.03,0.46,6.5,6.498,6.4805,2771.8,2209.6,2027.74,0.08
2019-07-12 14:25:00,6.5,6.5,6.49,6.49,1960.0,-0.01,-0.15,6.494,6.498,6.4815,2716.6,2225.1,2051.48,0.05
2019-07-12 14:30:00,6.49,6.5,6.48,6.48,2443.0,-0.01,-0.15,6.488,6.497,6.4835,2913.8,2314.2,2018.78,0.06
2019-07-12 14:35:00,6.48,6.49,6.46,6.46,4822.0,-0.02,-0.31,6.48,6.494,6.484,3636.4,2660.8,2183.98,0.12
2019-07-12 14:40:00,6.46,6.48,6.44,6.44,4755.0,-0.02,-0.31,6.474,6.488,6.4845,3434.0,2945.0,2279.38,0.12
2019-07-12 14:45:00,6.44,6.44,6.42,6.41,7326.7,-0.02,-0.31,6.458,6.479,6.4825,4261.34,3516.57,2562.82,0.19
2019-07-12 14:50:00,6.42,6.42,6.41,6.38,13053.3,-0.01,-0.16,6.442,6.468,6.4805,6480.0,4598.3,3143.84,0.33
2019-07-12 14:55:00,6.41,6.43,6.43,6.4,9301.0,0.02,0.31,6.432,6.46,6.478,7851.6,5382.7,3489.5,0.24
2019-07-12 15:00:00,6.44,6.44,6.44,6.42,4214.0,0.0,0.0,6.428,6.454,6.476,7730.0,5683.2,3647.05,0.11
2019-07-15 09:35:00,6.49,6.49,6.34,6.31,14780.0,-0.15,-2.31,6.408,6.441,6.469,9735.0,6584.5,4337.44,0.38
2019-07-15 09:40:00,6.35,6.43,6.42,6.33,7903.0,0.07,1.1,6.408,6.433,6.4655,9850.26,7055.8,4632.7,0.2
2019-07-15 09:45:00,6.42,6.42,6.36,6.35,3748.0,-0.06,-0.93,6.398,6.42,6.459,7989.2,7234.6,4729.85,0.1
2019-07-15 09:50:00,6.35,6.36,6.36,6.32,7348.0,0.01,0.16,6.384,6.408,6.4525,7598.6,7725.1,5019.65,0.19
2019-07-15 09:55:00,6.36,6.37,6.37,6.34,3444.0,0.01,0.16,6.37,6.399,6.4465,7444.6,7587.3,5124.05,0.09
2019-07-15 10:00:00,6.37,6.41,6.4,6.37,3052.0,0.03,0.47,6.382,6.395,6.4415,5099.0,7417.0,5181.0,0.08
2019-07-15 10:05:00,6.4,6.4,6.38,6.37,2430.0,-0.02,-0.31,6.374,6.391,6.435,4004.4,6927.33,5221.95,0.06
2019-07-15 10:10:00,6.38,6.38,6.36,6.35,2097.0,-0.02,-0.31,6.374,6.386,6.427,3674.2,5831.7,5215.0,0.05
2019-07-15 10:15:00,6.36,6.37,6.36,6.35,2428.0,0.0,0.0,6.374,6.379,6.4195,2690.2,5144.4,5263.55,0.06
2019-07-15 10:20:00,6.37,6.38,6.38,6.35,2162.0,0.01,0.16,6.376,6.373,6.4135,2433.8,4939.2,5311.2,0.06
2019-07-15 10:25:00,6.37,6.43,6.41,6.37,3239.0,0.04,0.63,6.378,6.38,6.4105,2471.2,3785.1,5184.8,0.08
2019-07-15 10:30:00,6.41,6.42,6.39,6.38,1971.0,-0.02,-0.31,6.38,6.377,6.405,2379.4,3191.9,5123.85,0.05
2019-07-15 10:35:00,6.39,6.45,6.42,6.38,3118.7,0.03,0.47,6.392,6.383,6.4015,2583.74,3128.97,5181.78,0.08
2019-07-15 10:40:00,6.42,6.44,6.43,6.41,1576.0,0.01,0.16,6.406,6.39,6.399,2413.34,2551.77,5138.44,0.04
2019-07-15 10:45:00,6.43,6.46,6.46,6.42,3319.0,0.03,0.47,6.422,6.399,6.399,2644.74,2539.27,5063.28,0.08
2019-07-15 10:50:00,6.45,6.46,6.45,6.44,2243.0,0.0,0.0,6.43,6.404,6.3995,2445.54,2458.37,4937.68,0.06
2019-07-15 10:55:00,6.45,6.47,6.45,6.45,2822.97,0.0,0.0,6.442,6.411,6.401,2615.93,2497.67,4712.5,0.07
2019-07-15 11:00:00,6.45,6.45,6.45,6.44,1775.0,0.0,0.0,6.448,6.42,6.403,2347.19,2465.47,4148.58,0.05
2019-07-15 11:05:00,6.45,6.47,6.47,6.45,1407.0,0.02,0.31,6.456,6.431,6.405,2313.39,2363.37,3753.88,0.04
2019-07-15 11:10:00,6.47,6.49,6.49,6.46,2397.0,0.02,0.31,6.462,6.442,6.4075,2128.99,2386.87,3663.03,0.06
2019-07-15 11:15:00,6.49,6.49,6.48,6.47,1281.0,-0.01,-0.15,6.468,6.449,6.4145,1936.59,2191.07,2988.08,0.03
2019-07-15 11:20:00,6.48,6.52,6.51,6.48,5339.0,0.03,0.46,6.48,6.461,6.419,2439.8,2527.87,2859.88,0.14
2019-07-15 11:25:00,6.51,6.52,6.51,6.5,1527.0,0.0,0.0,6.492,6.47,6.4265,2390.2,2368.7,2748.83,0.04
2019-07-15 11:30:00,6.51,6.53,6.53,6.51,3302.0,0.02,0.31,6.504,6.48,6.435,2769.2,2541.3,2546.53,0.08
2019-07-15 13:05:00,6.53,6.55,6.53,6.53,4288.0,0.0,0.0,6.512,6.487,6.443,3147.4,2638.2,2588.73,0.11
2019-07-15 13:10:00,6.53,6.55,6.53,6.53,4139.0,0.0,0.0,6.522,6.495,6.4495,3719.0,2827.8,2643.08,0.11
2019-07-15 13:15:00,6.54,6.54,6.52,6.52,2730.0,-0.02,-0.31,6.524,6.502,6.4565,3197.2,2818.5,2658.08,0.07
2019-07-15 13:20:00,6.52,6.53,6.51,6.51,2819.0,-0.01,-0.15,6.524,6.508,6.464,3455.6,2922.9,2694.18,0.07
2019-07-15 13:25:00,6.51,6.54,6.54,6.51,2542.0,0.03,0.46,6.526,6.515,6.473,3303.6,3036.4,2699.88,0.06
2019-07-15 13:30:00,6.54,6.57,6.57,6.53,2597.6,0.03,0.46,6.534,6.523,6.4825,2965.52,3056.46,2721.66,0.07
2019-07-15 13:35:00,6.57,6.58,6.57,6.55,3242.4,0.0,0.0,6.542,6.532,6.4905,2786.2,3252.6,2721.83,0.08
2019-07-15 13:40:00,6.57,6.57,6.52,6.52,2397.0,-0.05,-0.76,6.542,6.533,6.497,2719.6,2958.4,2743.13,0.06
2019-07-15 13:45:00,6.52,6.55,6.54,6.52,2943.0,0.02,0.31,6.548,6.536,6.503,2744.4,3100.0,2734.35,0.08
2019-07-15 13:50:00,6.54,6.54,6.52,6.52,1727.0,-0.02,-0.31,6.544,6.535,6.5075,2581.4,2942.5,2741.9,0.04
2019-07-15 13:55:00,6.52,6.54,6.54,6.52,1504.0,0.02,0.31,6.538,6.536,6.5115,2362.68,2664.1,2651.15,0.04
2019-07-15 14:00:00,6.53,6.54,6.54,6.53,814.0,0.01,0.15,6.532,6.537,6.516,1877.0,2331.6,2579.7,0.02
2019-07-15 14:05:00,6.54,6.54,6.52,6.51,1080.0,-0.02,-0.31,6.532,6.537,6.5195,1613.6,2166.6,2492.55,0.03
2019-07-15 14:10:00,6.53,6.53,6.52,6.51,1473.0,-0.01,-0.15,6.528,6.538,6.523,1319.6,2032.0,2477.45,0.04
2019-07-15 14:15:00,6.52,6.52,6.51,6.51,770.0,-0.01,-0.15,6.526,6.535,6.525,1128.2,1854.8,2445.6,0.02
2019-07-15 14:20:00,6.51,6.58,6.57,6.51,4606.0,0.06,0.92,6.532,6.535,6.529,1748.6,2055.64,2556.05,0.12
2019-07-15 14:25:00,6.57,6.57,6.51,6.51,1594.0,-0.06,-0.91,6.526,6.529,6.5305,1904.6,1890.8,2571.7,0.04
2019-07-15 14:30:00,6.51,6.54,6.52,6.51,891.0,0.01,0.15,6.526,6.529,6.531,1866.8,1740.2,2349.3,0.02
2019-07-15 14:35:00,6.52,6.52,6.51,6.51,810.0,-0.01,-0.15,6.524,6.526,6.531,1734.2,1526.9,2313.45,0.02
2019-07-15 14:40:00,6.51,6.53,6.52,6.51,1526.0,0.01,0.15,6.526,6.526,6.5305,1885.4,1506.8,2224.65,0.04
2019-07-15 14:45:00,6.52,6.54,6.53,6.52,1988.0,0.01,0.15,6.518,6.525,6.5305,1361.8,1555.2,2109.65,0.05
2019-07-15 14:50:00,6.53,6.54,6.53,6.52,4767.0,0.0,0.0,6.522,6.524,6.5305,1996.4,1950.5,2141.05,0.12
2019-07-15 14:55:00,6.53,6.56,6.55,6.53,4585.94,0.02,0.31,6.528,6.527,6.532,2735.39,2301.09,2233.85,0.12
2019-07-15 15:00:00,6.55,6.56,6.55,6.54,2116.0,0.0,0.0,6.536,6.53,6.534,2996.59,2365.39,2198.7,0.05
2019-07-16 09:35:00,6.54,6.6,6.59,6.51,7683.0,0.05,0.76,6.55,6.538,6.5365,4227.99,3056.69,2455.75,0.2
2019-07-16 09:40:00,6.59,6.6,6.58,6.55,5652.0,-0.01,-0.15,6.56,6.539,6.537,4960.79,3161.29,2608.47,0.14
2019-07-16 09:45:00,6.57,6.59,6.56,6.56,4202.0,-0.01,-0.15,6.566,6.544,6.5365,4847.79,3422.09,2656.45,0.11
2019-07-16 09:50:00,6.57,6.59,6.57,6.56,3884.0,0.0,0.0,6.57,6.549,6.539,4707.4,3721.39,2730.8,0.1
2019-07-16 09:55:00,6.57,6.59,6.57,6.56,1732.0,0.0,0.0,6.574,6.555,6.5405,4630.6,3813.59,2670.25,0.04
2019-07-16 10:00:00,6.57,6.59,6.58,6.56,2291.0,0.01,0.15,6.572,6.561,6.5435,3552.2,3890.09,2698.45,0.06
2019-07-16 10:05:00,6.58,6.58,6.55,6.55,2929.0,-0.03,-0.46,6.566,6.563,6.544,3007.6,3984.19,2769.7,0.07
2019-07-16 10:10:00,6.55,6.57,6.57,6.55,2056.0,0.02,0.31,6.568,6.567,6.5455,2578.4,3713.09,2831.8,0.05
2019-07-16 10:15:00,6.57,6.58,6.57,6.56,1411.0,0.0,0.0,6.568,6.569,6.548,2083.8,3395.6,2848.35,0.04
2019-07-16 10:20:00,6.57,6.57,6.54,6.54,2381.0,-0.03,-0.46,6.562,6.568,6.549,2213.6,3422.1,2893.75,0.06
2019-07-16 10:25:00,6.54,6.55,6.54,6.53,1863.0,0.0,0.0,6.554,6.563,6.5505,2128.0,2840.1,2948.4,0.05
2019-07-16 10:30:00,6.54,6.55,6.53,6.53,1017.0,-0.01,-0.15,6.55,6.558,6.5485,1745.6,2376.6,2768.95,0.03
2019-07-16 10:35:00,6.53,6.54,6.52,6.51,1776.0,-0.01,-0.15,6.54,6.554,6.549,1689.6,2134.0,2778.05,0.05
2019-07-16 10:40:00,6.51,6.54,6.53,6.51,1133.0,0.02,0.31,6.532,6.55,6.5495,1634.0,1858.9,2790.15,0.03
2019-07-16 10:45:00,6.53,6.54,6.53,6.52,1339.0,0.0,0.0,6.53,6.546,6.5505,1425.6,1819.6,2816.6,0.03
2019-07-16 10:50:00,6.53,6.54,6.54,6.53,1025.0,0.01,0.15,6.53,6.542,6.5515,1258.0,1693.0,2791.55,0.03
2019-07-16 10:55:00,6.54,6.54,6.52,6.51,1823.0,-0.02,-0.31,6.528,6.539,6.551,1419.2,1582.4,2783.3,0.05
2019-07-16 11:00:00,6.52,6.53,6.52,6.51,1825.0,0.0,0.0,6.528,6.534,6.5505,1429.0,1559.3,2636.2,0.05
2019-07-16 11:05:00,6.52,6.53,6.52,6.51,1016.02,0.0,0.0,6.526,6.529,6.549,1405.6,1519.8,2457.7,0.03
2019-07-16 11:10:00,6.52,6.55,6.54,6.52,1043.0,0.02,0.31,6.528,6.529,6.5485,1346.4,1386.0,2404.05,0.03
2019-07-16 11:15:00,6.54,6.55,6.53,6.53,840.0,-0.01,-0.15,6.526,6.528,6.5455,1309.4,1283.7,2061.9,0.02
2019-07-16 11:20:00,6.53,6.55,6.54,6.53,909.0,0.01,0.15,6.53,6.529,6.5435,1126.6,1272.9,1824.75,0.02
2019-07-16 11:25:00,6.54,6.54,6.53,6.52,584.0,-0.01,-0.15,6.532,6.53,6.542,878.4,1153.7,1643.85,0.01
2019-07-16 11:30:00,6.53,6.54,6.52,6.52,675.0,-0.01,-0.15,6.532,6.529,6.5395,810.2,1107.9,1483.4,0.02
2019-07-16 13:05:00,6.52,6.54,6.52,6.52,1866.0,0.0,0.0,6.528,6.528,6.537,974.8,1160.6,1490.1,0.05
2019-07-16 13:10:00,6.53,6.54,6.52,6.52,1026.0,-0.01,-0.15,6.526,6.526,6.534,1012.0,1160.7,1426.85,0.03
2019-07-16 13:15:00,6.52,6.53,6.52,6.51,1478.75,0.0,0.0,6.522,6.526,6.5325,1125.95,1126.28,1354.34,0.04
2019-07-16 13:20:00,6.52,6.52,6.51,6.5,3345.0,-0.01,-0.15,6.518,6.525,6.5295,1678.15,1278.28,1418.79,0.09
2019-07-16 13:25:00,6.51,6.53,6.52,6.5,1045.0,0.01,0.15,6.518,6.525,6.527,1752.15,1281.18,1400.49,0.03
2019-07-16 13:30:00,6.52,6.53,6.52,6.51,995.0,0.0,0.0,6.518,6.523,6.526,1577.95,1276.38,1331.19,0.03
2019-07-16 13:35:00,6.52,6.54,6.53,6.52,1512.0,0.01,0.15,6.52,6.523,6.5255,1675.15,1343.58,1313.64,0.04
2019-07-16 13:40:00,6.53,6.54,6.52,6.52,1273.0,-0.01,-0.15,6.52,6.521,6.525,1634.0,1379.98,1326.44,0.03
2019-07-16 13:45:00,6.52,6.53,6.52,6.51,1269.0,0.0,0.0,6.522,6.52,6.525,1218.8,1448.48,1301.09,0.03
2019-07-16 13:50:00,6.52,6.53,6.52,6.51,1066.0,0.0,0.0,6.522,6.52,6.5245,1223.0,1487.58,1297.74,0.03
2019-07-16 13:55:00,6.52,6.52,6.5,6.49,3294.0,-0.02,-0.31,6.518,6.518,6.523,1682.8,1630.38,1395.49,0.08
2019-07-16 14:00:00,6.51,6.52,6.52,6.5,1354.0,0.01,0.15,6.516,6.518,6.522,1651.2,1663.18,1411.94,0.03
2019-07-16 14:05:00,6.52,6.52,6.52,6.51,1200.0,0.0,0.0,6.516,6.518,6.522,1636.6,1635.3,1380.79,0.03
2019-07-16 14:10:00,6.51,6.52,6.52,6.51,1850.0,0.01,0.15,6.516,6.519,6.522,1752.8,1485.8,1382.04,0.05
2019-07-16 14:15:00,6.51,6.51,6.5,6.48,3538.0,-0.01,-0.15,6.512,6.517,6.521,2247.2,1735.1,1508.14,0.09
2019-07-16 14:20:00,6.49,6.5,6.49,6.49,2653.0,0.0,0.0,6.51,6.514,6.5185,2119.0,1900.9,1588.64,0.07
2019-07-16 14:25:00,6.5,6.51,6.5,6.49,1015.0,0.0,0.0,6.506,6.511,6.517,2051.2,1851.2,1597.39,0.03
2019-07-16 14:30:00,6.49,6.51,6.49,6.49,1567.0,0.0,0.0,6.5,6.508,6.5145,2124.6,1880.6,1630.29,0.04
2019-07-16 14:35:00,6.49,6.5,6.49,6.48,3236.0,0.0,0.0,6.494,6.505,6.5125,2401.8,2077.3,1762.89,0.08
2019-07-16 14:40:00,6.48,6.5,6.49,6.48,1701.0,0.01,0.15,6.492,6.502,6.511,2034.4,2140.8,1814.19,0.04
2019-07-16 14:45:00,6.49,6.52,6.52,6.48,3282.0,0.03,0.46,6.498,6.504,6.511,2160.2,2139.6,1884.99,0.08
2019-07-16 14:50:00,6.52,6.52,6.51,6.5,2213.0,-0.01,-0.15,6.5,6.503,6.5105,2399.8,2225.5,1944.34,0.06
2019-07-16 14:55:00,6.51,6.52,6.49,6.49,4416.0,-0.02,-0.31,6.5,6.5,6.509,2969.6,2547.1,2091.2,0.11
2019-07-16 15:00:00,6.49,6.49,6.48,6.47,4069.0,-0.01,-0.15,6.498,6.496,6.5075,3136.2,2769.0,2127.4,0.1
2019-07-17 09:35:00,6.42,6.51,6.51,6.42,8278.94,0.09,1.4,6.502,6.497,6.507,4451.79,3243.09,2489.1,0.21
2019-07-17 09:40:00,6.51,6.58,6.58,6.51,7971.0,0.07,1.08,6.514,6.506,6.51,5389.59,3774.89,2837.9,0.2
2019-07-17 09:45:00,6.58,6.59,6.57,6.53,8010.0,-0.01,-0.15,6.526,6.513,6.512,6548.99,4474.39,3162.8,0.2
2019-07-17 09:50:00,6.57,6.57,6.57,6.54,3298.0,0.0,0.0,6.542,6.521,6.5145,6325.39,4647.49,3264.05,0.08
2019-07-17 09:55:00,6.57,6.57,6.53,6.53,2882.0,-0.04,-0.61,6.552,6.525,6.515,6087.99,4612.09,3344.7,0.07
2019-07-17 10:00:00,6.53,6.54,6.54,6.52,2151.0,0.01,0.15,6.558,6.53,6.516,4862.4,4657.09,3398.95,0.05
2019-07-17 10:05:00,6.54,6.54,6.54,6.53,997.0,0.0,0.0,6.55,6.532,6.518,3467.6,4428.59,3284.1,0.03
2019-07-17 10:10:00,6.54,6.54,6.53,6.52,1311.0,-0.01,-0.15,6.542,6.534,6.5185,2127.8,4338.39,3281.95,0.03
2019-07-17 10:15:00,6.53,6.54,6.54,6.53,1532.0,0.01,0.15,6.536,6.539,6.5195,1774.6,4049.99,3298.55,0.04
2019-07-17 10:20:00,6.54,6.55,6.54,6.54,1221.0,0.0,0.0,6.538,6.545,6.5205,1442.4,3765.19,3267.1,0.03
2019-07-17 10:25:00,6.54,6.55,6.55,6.54,1397.0,0.01,0.15,6.54,6.549,6.523,1291.6,3077.0,3160.05,0.04
2019-07-17 10:30:00,6.55,6.55,6.54,6.53,1329.0,-0.01,-0.15,6.54,6.545,6.5255,1358.0,2412.8,3093.85,0.03
2019-07-17 10:35:00,6.54,6.54,6.53,6.53,1064.0,-0.01,-0.15,6.54,6.541,6.527,1308.6,1718.2,3096.3,0.03
2019-07-17 10:40:00,6.53,6.54,6.52,6.52,1932.0,-0.01,-0.15,6.536,6.536,6.5285,1388.6,1581.6,3114.55,0.05
2019-07-17 10:45:00,6.53,6.53,6.5,6.5,2273.0,-0.03,-0.46,6.528,6.533,6.529,1599.0,1520.7,3066.4,0.06
2019-07-17 10:50:00,6.5,6.51,6.5,6.49,1380.0,0.0,0.0,6.518,6.529,6.5295,1595.6,1443.6,3050.35,0.04
2019-07-17 10:55:00,6.5,6.5,6.49,6.49,1540.0,-0.01,-0.15,6.508,6.524,6.528,1637.8,1497.9,2963.25,0.04
2019-07-17 11:00:00,6.49,6.51,6.5,6.49,583.0,0.01,0.15,6.502,6.521,6.5275,1541.6,1425.1,2881.75,0.01
2019-07-17 11:05:00,6.5,6.52,6.51,6.5,1575.0,0.01,0.15,6.5,6.518,6.5285,1470.2,1429.4,2739.7,0.04
2019-07-17 11:10:00,6.51,6.52,6.52,6.51,693.0,0.01,0.15,6.504,6.516,6.5305,1154.2,1376.6,2570.9,0.02
2019-07-17 11:15:00,6.52,6.52,6.51,6.51,620.0,-0.01,-0.15,6.506,6.512,6.5305,1002.2,1298.9,2187.95,0.02
2019-07-17 11:20:00,6.51,6.52,6.51,6.51,391.0,0.0,0.0,6.51,6.509,6.527,772.4,1205.1,1808.95,0.01
2019-07-17 11:25:00,6.51,6.53,6.53,6.51,983.0,0.02,0.31,6.516,6.509,6.525,852.4,1197.0,1457.6,0.03
2019-07-17 11:30:00,6.52,6.55,6.55,6.52,2084.0,0.03,0.46,6.524,6.512,6.524,954.2,1212.2,1396.9,0.05
2019-07-17 13:05:00,6.55,6.56,6.54,6.54,1626.0,-0.01,-0.15,6.528,6.516,6.5245,1140.8,1147.5,1334.1,0.04
2019-07-17 13:10:00,6.54,6.55,6.55,6.54,494.0,0.01,0.15,6.536,6.521,6.525,1115.6,1058.9,1251.25,0.01
2019-07-17 13:15:00,6.54,6.55,6.53,6.53,934.0,-0.01,-0.15,6.54,6.525,6.5245,1224.2,998.3,1248.1,0.02
2019-07-17 13:20:00,6.53,6.55,6.55,6.53,1264.0,0.02,0.31,6.544,6.53,6.5255,1280.4,1066.4,1245.75,0.03
2019-07-17 13:25:00,6.55,6.55,6.54,6.53,2153.0,-0.01,-0.15,6.542,6.533,6.5255,1294.2,1124.2,1276.8,0.05
2019-07-17 13:30:00,6.54,6.56,6.55,6.53,1907.0,0.01,0.15,6.544,6.536,6.526,1350.4,1245.6,1311.1,0.05
2019-07-17 13:35:00,6.55,6.56,6.56,6.54,1259.0,0.01,0.15,6.546,6.541,6.5265,1503.4,1309.5,1304.2,0.03
2019-07-17 13:40:00,6.55,6.55,6.54,6.54,1625.0,-0.01,-0.15,6.548,6.544,6.5265,1641.6,1432.9,1319.0,0.04
2019-07-17 13:45:00,6.54,6.55,6.54,6.53,1013.0,0.0,0.0,6.546,6.545,6.527,1591.4,1435.9,1316.45,0.03
2019-07-17 13:50:00,6.54,6.55,6.54,6.53,828.0,0.0,0.0,6.546,6.544,6.528,1326.4,1310.3,1261.25,0.02
2019-07-17 13:55:00,6.54,6.55,6.54,6.53,1308.0,0.0,0.0,6.544,6.544,6.53,1206.6,1278.5,1213.0,0.03
2019-07-17 14:00:00,6.54,6.55,6.54,6.54,618.0,0.0,0.0,6.54,6.543,6.532,1078.4,1290.9,1174.9,0.02
2019-07-17 14:05:00,6.54,6.55,6.55,6.54,849.0,0.01,0.15,6.542,6.545,6.535,923.2,1282.4,1140.35,0.02
2019-07-17 14:10:00,6.55,6.56,6.56,6.53,4435.0,0.01,0.15,6.546,6.546,6.538,1607.6,1599.5,1332.95,0.11
2019-07-17 14:15:00,6.56,6.59,6.59,6.56,9695.0,0.03,0.46,6.556,6.551,6.542,3381.0,2353.7,1738.95,0.25
2019-07-17 14:20:00,6.59,6.59,6.58,6.58,4527.0,-0.01,-0.15,6.564,6.554,6.545,4024.8,2615.7,1930.65,0.12
2019-07-17 14:25:00,6.58,6.59,6.58,6.58,2919.66,0.0,0.0,6.572,6.556,6.5485,4485.13,2781.77,2045.63,0.07
2019-07-17 14:30:00,6.58,6.58,6.56,6.56,1629.0,-0.02,-0.3,6.574,6.558,6.551,4641.13,2782.17,2107.53,0.04
2019-07-17 14:35:00,6.56,6.57,6.56,6.55,3575.0,0.0,0.0,6.574,6.56,6.5525,4469.13,3038.37,2237.13,0.09
2019-07-17 14:40:00,6.56,6.57,6.54,6.54,2953.0,-0.02,-0.3,6.564,6.56,6.552,3120.73,3250.87,2280.58,0.08
2019-07-17 14:45:00,6.54,6.56,6.55,6.54,2087.0,0.01,0.15,6.558,6.561,6.5525,2632.73,3328.77,2303.63,0.05
2019-07-17 14:50:00,6.55,6.56,6.56,6.55,2246.0,0.01,0.15,6.554,6.563,6.553,2498.0,3491.57,2391.23,0.06
2019-07-17 14:55:00,6.55,6.56,6.55,6.55,3553.0,0.0,0.0,6.552,6.563,6.554,2882.8,3761.97,2522.18,0.09
2019-07-17 15:00:00,6.55,6.56,6.55,6.54,2499.0,0.0,0.0,6.55,6.562,6.554,2667.6,3568.37,2583.93,0.06
2019-07-18 09:35:00,6.52,6.52,6.48,6.47,5966.0,-0.04,-0.61,6.538,6.551,6.551,3270.2,3195.47,2774.58,0.15
2019-07-18 09:40:00,6.49,6.49,6.46,6.45,9451.0,-0.03,-0.46,6.52,6.539,6.5465,4743.0,3687.87,3151.78,0.24
2019-07-18 09:45:00,6.45,6.45,6.42,6.37,6972.0,-0.03,-0.47,6.492,6.523,6.5395,5688.2,4093.1,3437.43,0.18
2019-07-18 09:50:00,6.42,6.42,6.39,6.38,7884.0,-0.03,-0.47,6.46,6.506,6.532,6554.4,4718.6,3750.38,0.2
2019-07-18 09:55:00,6.39,6.42,6.4,6.39,4536.0,0.01,0.16,6.43,6.49,6.525,6961.8,4814.7,3926.53,0.12
2019-07-18 10:00:00,6.4,6.4,6.39,6.38,3497.7,-0.01,-0.16,6.412,6.475,6.5175,6468.14,4869.17,4060.02,0.09
2019-07-18 10:05:00,6.38,6.39,6.38,6.35,5137.3,0.0,0.0,6.396,6.458,6.5095,5605.4,5174.2,4251.48,0.13
2019-07-18 10:10:00,6.38,6.38,6.37,6.36,3068.0,-0.01,-0.16,6.386,6.439,6.501,4824.6,5256.4,4373.98,0.08
2019-07-18 10:15:00,6.37,6.41,6.4,6.37,2369.0,0.03,0.47,6.388,6.424,6.4935,3721.6,5138.0,4449.98,0.06
2019-07-18 10:20:00,6.4,6.41,6.38,6.37,2154.0,-0.02,-0.31,6.384,6.407,6.4845,3245.2,5103.5,4335.93,0.05
2019-07-18 10:25:00,6.38,6.4,6.38,6.38,1360.0,0.0,0.0,6.382,6.397,6.474,2817.66,4642.9,3919.18,0.03
2019-07-18 10:30:00,6.38,6.4,6.4,6.37,1687.0,0.02,0.31,6.386,6.391,6.465,2127.6,3866.5,3777.18,0.04
2019-07-18 10:35:00,6.4,6.41,6.39,6.39,1153.23,-0.01,-0.16,6.39,6.388,6.4555,1744.65,3284.62,3688.86,0.03
2019-07-18 10:40:00,6.39,6.39,6.38,6.37,1891.77,-0.01,-0.16,6.386,6.387,6.4465,1649.2,2685.4,3702.0,0.05
2019-07-18 10:45:00,6.38,6.41,6.41,6.38,1376.0,0.03,0.47,6.392,6.388,6.439,1493.6,2369.4,3592.05,0.04
2019-07-18 10:50:00,6.41,6.41,6.4,6.39,1335.0,-0.01,-0.16,6.396,6.389,6.432,1488.6,2153.13,3511.15,0.03
2019-07-18 10:55:00,6.4,6.41,6.41,6.4,385.0,0.01,0.16,6.398,6.392,6.425,1228.2,1677.9,3426.05,0.01
2019-07-18 11:00:00,6.41,6.41,6.41,6.4,596.0,0.0,0.0,6.402,6.396,6.4175,1116.75,1430.7,3343.55,0.02
2019-07-18 11:05:00,6.41,6.41,6.41,6.4,592.0,0.0,0.0,6.408,6.397,6.4105,856.8,1253.0,3195.5,0.02
2019-07-18 11:10:00,6.41,6.41,6.41,6.41,1104.0,0.0,0.0,6.408,6.4,6.4035,802.4,1148.0,3125.75,0.03
2019-07-18 11:15:00,6.41,6.42,6.42,6.4,751.0,0.01,0.16,6.412,6.404,6.4005,685.6,1087.1,2865.0,0.02
2019-07-18 11:20:00,6.42,6.42,6.4,6.4,592.0,-0.02,-0.31,6.41,6.404,6.3975,727.0,977.6,2422.05,0.02
2019-07-18 11:25:00,6.4,6.41,6.39,6.39,598.0,-0.01,-0.16,6.406,6.404,6.396,727.4,922.08,2103.35,0.02
2019-07-18 11:30:00,6.39,6.41,6.39,6.39,1230.0,0.0,0.0,6.402,6.405,6.396,855.0,855.9,1770.65,0.03
2019-07-18 13:05:00,6.4,6.4,6.38,6.38,981.0,-0.02,-0.31,6.396,6.402,6.395,830.4,816.4,1592.9,0.03
2019-07-18 13:10:00,6.38,6.39,6.38,6.38,618.0,0.0,0.0,6.388,6.4,6.3945,803.8,744.7,1448.92,0.02
2019-07-18 13:15:00,6.38,6.38,6.38,6.37,2563.0,0.0,0.0,6.384,6.397,6.3945,1198.0,962.5,1320.2,0.07
2019-07-18 13:20:00,6.38,6.38,6.37,6.36,875.0,-0.01,-0.16,6.38,6.393,6.3945,1253.4,990.4,1210.55,0.02
2019-07-18 13:25:00,6.37,6.37,6.37,6.36,1418.0,0.0,0.0,6.376,6.389,6.393,1291.0,1073.0,1163.0,0.04
2019-07-18 13:30:00,6.37,6.39,6.39,6.36,1402.0,0.02,0.31,6.378,6.387,6.3935,1375.2,1102.8,1125.4,0.04
2019-07-18 13:35:00,6.39,6.39,6.38,6.37,790.0,-0.01,-0.16,6.378,6.383,6.3935,1409.6,1106.7,1096.9,0.02
2019-07-18 13:40:00,6.38,6.38,6.37,6.36,1065.0,-0.01,-0.16,6.376,6.38,6.392,1110.0,1154.0,1065.8,0.03
2019-07-18 13:45:00,6.37,6.38,6.38,6.36,876.0,0.01,0.16,6.378,6.379,6.3915,1110.2,1181.8,1051.94,0.02
2019-07-18 13:50:00,6.38,6.38,6.37,6.37,631.0,-0.01,-0.16,6.378,6.377,6.391,952.8,1121.9,988.9,0.02
2019-07-18 13:55:00,6.37,6.39,6.39,6.37,771.0,0.02,0.31,6.378,6.378,6.39,826.6,1100.9,958.65,0.02
2019-07-18 14:00:00,6.39,6.4,6.39,6.39,389.0,0.0,0.0,6.38,6.379,6.3895,746.4,1078.0,911.35,0.01
2019-07-18 14:05:00,6.39,6.4,6.4,6.38,375.0,0.01,0.16,6.386,6.381,6.389,608.4,859.2,910.85,0.01
2019-07-18 14:10:00,6.4,6.42,6.41,6.39,1301.0,0.01,0.16,6.392,6.385,6.389,693.4,901.8,946.1,0.03
2019-07-18 14:15:00,6.41,6.44,6.43,6.41,1700.8,0.02,0.31,6.404,6.391,6.39,907.36,930.08,1001.54,0.04
2019-07-18 14:20:00,6.43,6.44,6.42,6.41,1095.2,-0.01,-0.16,6.41,6.394,6.3905,972.2,899.4,1001.1,0.03
2019-07-18 14:25:00,6.42,6.42,6.41,6.4,1005.0,-0.01,-0.16,6.414,6.397,6.39,1095.4,920.9,1013.8,0.03
2019-07-18 14:30:00,6.4,6.41,6.39,6.39,1520.0,-0.01,-0.16,6.412,6.399,6.3895,1324.4,966.4,1060.2,0.04
2019-07-18 14:35:00,6.4,6.48,6.43,6.4,7360.0,0.03,0.47,6.416,6.404,6.3915,2536.2,1614.8,1398.3,0.19
2019-07-18 14:40:00,6.43,6.47,6.47,6.4,3295.0,0.04,0.62,6.424,6.414,6.3955,2855.04,1881.2,1501.55,0.08
2019-07-18 14:45:00,6.48,6.87,6.77,6.48,51648.0,0.29,4.48,6.494,6.452,6.415,12965.6,6968.9,4034.9,1.32
2019-07-18 14:50:00,6.77,6.8,6.75,6.71,27843.4,-0.02,-0.3,6.562,6.488,6.4335,18333.3,9714.34,5396.17,0.71
2019-07-18 14:55:00,6.75,6.75,6.71,6.69,15015.3,-0.04,-0.59,6.626,6.519,6.45,21032.3,11178.4,6018.78,0.38
2019-07-18 15:00:00,6.71,6.72,6.71,6.7,7397.0,0.0,0.0,6.682,6.549,6.467,21039.7,11788.0,6344.88,0.19
2019-07-19 09:35:00,6.68,6.79,6.73,6.66,18864.0,0.05,0.75,6.734,6.579,6.485,24153.5,13504.3,7217.18,0.48
2019-07-19 09:40:00,6.73,6.76,6.71,6.69,12369.6,-0.02,-0.3,6.722,6.608,6.501,16297.9,14631.7,7765.56,0.32
2019-07-19 09:45:00,6.69,6.75,6.74,6.69,6214.0,0.05,0.75,6.72,6.641,6.519,11972.0,15152.6,8036.76,0.16
2019-07-19 09:50:00,6.74,6.75,6.75,6.7,3842.0,0.01,0.15,6.728,6.677,6.538,9737.32,15384.8,8175.62,0.1
2019-07-19 09:55:00,6.74,6.77,6.76,6.72,6094.0,0.02,0.3,6.738,6.71,6.557,9476.72,15258.2,8436.52,0.16
2019-07-19 10:00:00,6.76,6.77,6.75,6.74,2466.0,-0.01,-0.15,6.742,6.738,6.576,6197.12,15175.3,8528.26,0.06
2019-07-19 10:05:00,6.75,6.83,6.82,6.74,11479.0,0.07,1.04,6.764,6.743,6.5975,6019.0,11158.4,9063.66,0.29
2019-07-19 10:10:00,6.82,6.82,6.77,6.77,5554.0,-0.05,-0.73,6.77,6.745,6.6165,5887.0,8929.49,9321.92,0.14
2019-07-19 10:15:00,6.77,6.8,6.77,6.76,4810.0,0.0,0.0,6.774,6.751,6.635,6080.6,7908.96,9543.66,0.12
2019-07-19 10:20:00,6.76,6.78,6.76,6.76,4089.7,0.0,0.0,6.774,6.756,6.6525,5679.74,7578.23,9683.1,0.1
2019-07-19 10:25:00,6.77,6.78,6.77,6.75,3831.3,0.0,0.0,6.778,6.76,6.6695,5952.8,6074.96,9789.62,0.1
2019-07-19 10:30:00,6.78,6.78,6.74,6.74,4320.7,-0.04,-0.59,6.762,6.763,6.6855,4521.14,5270.07,9950.9,0.11
2019-07-19 10:35:00,6.74,6.76,6.75,6.74,1501.0,0.01,0.15,6.758,6.764,6.7025,3710.54,4798.77,9975.7,0.04
2019-07-19 10:40:00,6.75,6.75,6.74,6.73,2674.0,-0.01,-0.15,6.752,6.763,6.72,3283.34,4681.97,10033.4,0.07
2019-07-19 10:45:00,6.74,6.76,6.75,6.74,1673.0,0.01,0.15,6.75,6.762,6.736,2800.0,4239.87,9749.05,0.04
2019-07-19 10:50:00,6.75,6.77,6.76,6.75,970.0,0.01,0.15,6.748,6.763,6.7505,2227.74,4090.27,9632.8,0.02
2019-07-19 10:55:00,6.76,6.77,6.74,6.74,1731.0,-0.02,-0.3,6.748,6.755,6.749,1709.8,3115.47,7136.95,0.04
2019-07-19 11:00:00,6.74,6.75,6.75,6.73,2464.0,0.01,0.15,6.748,6.753,6.749,1902.4,2806.47,5867.98,0.06
2019-07-19 11:05:00,6.74,6.82,6.81,6.74,8203.0,0.07,1.04,6.762,6.757,6.754,3008.2,3145.77,5527.36,0.21
2019-07-19 11:10:00,6.82,6.84,6.8,6.79,6754.0,-0.02,-0.29,6.772,6.761,6.7585,4024.4,3412.2,5495.22,0.17
2019-07-19 11:15:00,6.79,6.8,6.79,6.78,1424.0,0.0,0.0,6.778,6.763,6.7615,4115.2,3171.47,4623.22,0.04
2019-07-19 11:20:00,6.79,6.83,6.79,6.79,3331.0,0.0,0.0,6.788,6.768,6.7655,4435.2,3072.5,4171.28,0.09
2019-07-19 11:25:00,6.8,6.8,6.78,6.78,1121.0,-0.02,-0.29,6.794,6.771,6.7675,4166.6,3034.5,3916.64,0.03
2019-07-19 11:30:00,6.79,6.8,6.79,6.78,953.0,0.0,0.0,6.79,6.776,6.7695,2716.6,2862.4,3772.18,0.02
2019-07-19 13:05:00,6.8,6.8,6.76,6.76,2248.0,-0.04,-0.59,6.782,6.777,6.7695,1815.4,2919.9,3579.88,0.06
2019-07-19 13:10:00,6.76,6.79,6.78,6.76,2330.0,0.02,0.3,6.78,6.779,6.771,1996.6,3055.9,3573.08,0.06
2019-07-19 13:15:00,6.79,6.81,6.79,6.77,3453.0,0.0,0.0,6.78,6.784,6.7695,2021.0,3228.1,3171.78,0.09
2019-07-19 13:20:00,6.79,6.8,6.79,6.78,1908.0,0.0,0.0,6.782,6.788,6.7705,2178.4,3172.5,2989.48,0.05
2019-07-19 13:25:00,6.8,6.99,6.95,6.78,27926.0,0.15,2.21,6.814,6.802,6.7795,7573.0,5144.8,4145.28,0.71
2019-07-19 13:30:00,6.94,6.97,6.91,6.89,20203.0,-0.03,-0.43,6.844,6.813,6.787,11164.0,6489.7,4950.95,0.52
2019-07-19 13:35:00,6.91,6.92,6.91,6.88,7257.0,0.0,0.0,6.87,6.825,6.794,12149.4,7073.0,5122.24,0.19
2019-07-19 13:40:00,6.91,6.94,6.93,6.89,7374.0,0.02,0.29,6.898,6.839,6.8035,12933.6,7477.3,5274.9,0.19
2019-07-19 13:45:00,6.93,6.96,6.91,6.91,10083.0,-0.02,-0.29,6.922,6.852,6.8115,14568.6,8373.5,5704.0,0.26
2019-07-19 13:50:00,6.91,6.95,6.91,6.91,7556.0,0.0,0.0,6.914,6.864,6.82,10494.6,9033.8,5948.1,0.19
2019-07-19 13:55:00,6.91,6.91,6.91,6.9,3978.0,0.0,0.0,6.914,6.879,6.828,7249.6,9206.8,6063.35,0.1
2019-07-19 14:00:00,6.91,6.94,6.91,6.91,4457.0,0.0,0.0,6.914,6.892,6.8355,6689.6,9419.5,6237.7,0.11
2019-07-19 14:05:00,6.91,6.93,6.92,6.91,3821.0,0.01,0.14,6.912,6.905,6.8445,5979.0,9456.3,6342.2,0.1
2019-07-19 14:10:00,6.92,6.95,6.94,6.92,6117.0,0.02,0.29,6.918,6.92,6.854,5185.8,9877.2,6524.85,0.16
2019-07-19 14:15:00,6.93,6.95,6.92,6.92,3905.0,-0.01,-0.14,6.92,6.917,6.8595,4455.6,7475.1,6309.95,0.1
2019-07-19 14:20:00,6.92,6.93,6.92,6.91,3417.22,0.0,0.0,6.922,6.918,6.8655,4343.44,5796.52,6143.11,0.09
2019-07-19 14:25:00,6.92,6.93,6.91,6.91,3446.78,-0.01,-0.14,6.922,6.918,6.8715,4141.4,5415.5,6244.25,0.09
2019-07-19 14:30:00,6.91,6.94,6.93,6.91,3959.7,0.02,0.29,6.924,6.918,6.8785,4169.14,5074.07,6275.68,0.1
2019-07-19 14:35:00,6.93,6.95,6.93,6.93,6684.76,0.0,0.0,6.922,6.92,6.886,4282.69,4734.25,6553.87,0.17
2019-07-19 14:40:00,6.94,7.02,7.02,6.93,20731.0,0.08,1.15,6.942,6.931,6.8975,7647.89,6051.75,7542.77,0.53
2019-07-19 14:45:00,7.02,7.08,7.02,7.02,27106.0,0.0,0.0,6.962,6.942,6.9105,12385.6,8364.55,8785.67,0.69
2019-07-19 14:50:00,7.03,7.03,7.01,6.98,12303.8,-0.02,-0.28,6.982,6.952,6.922,14157.1,9149.23,9284.36,0.31
2019-07-19 14:55:00,7.02,7.02,6.98,6.98,13381.8,-0.04,-0.57,6.992,6.958,6.9315,16041.5,10105.3,9780.8,0.34
2019-07-19 15:00:00,6.97,6.99,6.98,6.97,7943.0,0.01,0.14,7.002,6.962,6.941,16293.1,10287.9,10082.6,0.2
